cLabel,cArea,cVolum,cPerim,cFeret,cMajor,cMinor,cSolid,cRound,cCircl,cY,cX,csRatio,csDist,c_sLabel
16,15744.000,1486060.265,463.446,145.602,142.269,140.909,0.985,0.990,0.921,130.000,2938.000,0.487,0.000,16
18,15724.000,1483229.495,463.446,146.123,142.890,140.136,0.985,0.981,0.920,148.000,1480.000,0.491,2.000,18
19,16156.000,1544772.633,470.759,147.092,143.680,143.179,0.985,0.996,0.916,158.000,1142.000,0.500,2.000,19
20,15740.000,1485493.967,462.759,146.014,142.731,140.418,0.987,0.984,0.924,164.000,3288.000,0.469,2.000,20
22,15608.000,1466846.554,460.617,145.231,141.775,140.185,0.986,0.989,0.924,192.000,3684.000,0.490,0.000,21
23,15336.000,1428670.082,458.274,143.611,140.498,138.996,0.984,0.989,0.918,202.000,2190.000,0.491,2.000,22
24,16028.000,1526450.765,474.357,154.156,154.457,133.494,0.983,0.855,0.895,212.000,2484.000,0.244,66.603,24
25,29456.000,3802983.639,639.612,199.850,196.557,190.825,0.987,0.971,0.905,236.000,714.000,0.523,0.000,23
26,9456.000,691711.499,359.362,118.152,115.410,104.531,0.983,0.904,0.920,226.000,1318.000,0.468,4.472,25
27,15256.000,1417505.721,458.274,143.178,140.136,138.622,0.984,0.989,0.913,246.000,1716.000,0.464,0.000,26
28,15552.000,1458959.283,461.103,144.997,142.029,139.428,0.986,0.982,0.919,256.000,2696.000,0.471,2.828,28
29,16096.000,1536175.185,468.617,149.466,147.102,139.332,0.986,0.947,0.921,260.000,956.000,0.469,0.000,27
30,15312.000,1425317.708,456.617,143.736,140.136,139.138,0.986,0.993,0.923,258.000,3100.000,0.506,2.000,29
31,13988.000,1244506.690,436.132,137.884,134.970,131.973,0.985,0.978,0.924,270.000,482.000,0.468,0.000,31
32,15952.000,1515606.683,466.759,147.851,144.731,140.365,0.986,0.970,0.920,272.000,130.000,0.489,0.000,30
33,14712.000,1342367.332,448.132,141.421,138.226,135.532,0.986,0.980,0.921,274.000,2004.000,0.508,0.000,32
34,15464.000,1446593.675,459.446,144.069,140.910,139.758,0.986,0.992,0.921,278.000,3472.000,0.512,2.000,33
36,16428.000,1583947.714,480.701,155.048,155.263,135.731,0.984,0.868,0.893,308.000,2400.000,0.250,60.959,24
37,15532.000,1456145.837,460.617,145.245,142.588,138.703,0.985,0.973,0.920,348.000,1534.000,0.495,2.000,37
38,16008.000,1523594.561,466.274,146.014,143.120,142.412,0.986,0.995,0.925,350.000,3846.000,0.487,0.000,36
39,14764.000,1349490.573,448.132,141.662,138.780,135.454,0.985,0.976,0.924,374.000,1206.000,0.470,2.000,38
40,16752.000,1631036.939,478.759,152.958,149.328,142.967,0.987,0.957,0.918,396.000,2900.000,0.501,0.000,39
41,16752.000,1631036.939,478.759,149.893,146.639,145.471,0.986,0.992,0.918,400.000,3638.000,0.488,0.000,40
42,15804.000,1494563.362,465.103,145.231,142.596,141.115,0.985,0.990,0.918,406.000,2212.000,0.483,2.000,42
43,15916.000,1510479.015,466.274,146.123,143.286,141.437,0.984,0.987,0.920,410.000,1854.000,0.481,0.000,41
44,15696.000,1479269.440,463.446,145.602,142.392,140.359,0.985,0.986,0.918,424.000,3332.000,0.487,0.000,43
45,15444.000,1443788.206,457.789,144.554,141.522,138.961,0.986,0.982,0.926,450.000,610.000,0.483,0.000,44
46,15932.000,1512757.263,467.446,146.014,143.316,141.547,0.985,0.988,0.916,458.000,400.000,0.470,2.000,45
47,15980.000,1519598.873,467.931,146.697,143.742,141.551,0.985,0.985,0.917,462.000,3124.000,0.464,2.828,46
48,15632.000,1470231.149,463.931,145.561,142.559,139.631,0.984,0.979,0.913,464.000,1020.000,0.492,2.000,47
49,15356.000,1431465.731,456.617,144.069,140.882,138.799,0.986,0.985,0.926,476.000,2542.000,0.478,2.828,48
50,15556.000,1459522.189,462.274,145.121,142.135,139.360,0.984,0.980,0.915,486.000,190.000,0.496,2.000,49
53,16236.000,1556260.749,470.274,147.959,145.036,142.545,0.986,0.983,0.923,512.000,1384.000,0.479,0.000,52
54,17272.000,1707566.965,495.044,159.411,160.445,138.527,0.985,0.854,0.886,516.000,1662.000,0.255,62.129,53
55,13704.000,1206798.676,541.399,160.100,143.895,128.637,0.922,0.843,0.588,548.000,2094.000,0.336,57.201,55
56,16420.000,1582790.844,474.759,148.930,146.031,143.174,0.984,0.980,0.915,542.000,2738.000,0.480,2.000,54
57,15504.000,1452210.056,461.789,143.736,140.736,140.283,0.983,0.997,0.914,558.000,2356.000,0.511,2.000,56
58,14676.000,1337443.224,445.789,140.769,137.587,135.817,0.986,0.987,0.928,582.000,3794.000,0.468,0.000,57
59,15860.000,1502514.164,466.759,145.602,142.535,141.680,0.984,0.994,0.915,598.000,2958.000,0.490,2.000,59
60,16076.000,1533312.925,469.103,147.201,144.464,141.697,0.985,0.981,0.918,600.000,784.000,0.471,0.000,58
61,15572.000,1461774.538,459.446,145.231,142.453,139.193,0.987,0.977,0.927,600.000,3580.000,0.522,0.000,60
63,15748.000,1486626.635,462.274,145.836,142.384,140.826,0.987,0.989,0.926,612.000,1916.000,0.474,0.000,61
64,15944.000,1514466.701,472.902,153.323,153.722,132.719,0.984,0.859,0.896,626.000,1588.000,0.236,70.456,53
65,15716.000,1482097.690,462.274,145.561,142.660,140.270,0.986,0.983,0.924,626.000,3376.000,0.511,2.000,62
66,15324.000,1426993.567,460.333,154.984,153.634,127.636,0.986,0.827,0.909,660.000,466.000,0.264,60.033,63
67,15828.000,1497969.127,464.617,145.231,142.571,141.358,0.986,0.991,0.921,652.000,1208.000,0.478,2.000,64
68,15024.000,1385294.668,455.161,152.971,152.670,125.647,0.987,0.821,0.911,658.000,586.000,0.259,60.000,63
69,11748.000,957876.915,632.169,180.710,158.508,123.764,0.744,0.595,0.369,644.000,2178.000,0.288,70.711,55
70,15756.000,1487759.590,465.103,145.134,142.174,141.113,0.984,0.992,0.915,672.000,3158.000,0.486,0.000,66
71,15872.000,1504219.736,463.931,146.164,142.784,141.561,0.987,0.991,0.927,674.000,988.000,0.463,2.000,65
72,15604.000,1466282.707,460.617,144.997,141.809,140.116,0.987,0.988,0.924,682.000,264.000,0.481,2.828,67
74,15832.000,1498537.005,465.103,146.328,143.415,140.571,0.986,0.980,0.920,706.000,2584.000,0.493,2.828,69
76,15724.000,1483229.495,463.446,146.860,144.383,138.672,0.986,0.960,0.920,726.000,1404.000,0.495,0.000,71
77,15700.000,1479834.946,461.103,145.231,142.191,140.597,0.987,0.989,0.928,760.000,1768.000,0.474,0.000,72
78,15292.000,1422526.070,456.617,143.178,140.295,138.796,0.986,0.989,0.922,774.000,2840.000,0.488,2.000,73
79,15788.000,1492294.289,469.872,154.350,155.331,130.477,0.984,0.833,0.899,788.000,2324.000,0.252,63.781,75
80,10112.000,764925.945,370.191,117.388,115.078,111.884,0.983,0.972,0.927,786.000,826.000,0.484,2.000,76
81,16300.000,1565471.649,473.103,148.189,145.077,143.065,0.984,0.986,0.915,790.000,2034.000,0.473,2.000,74
82,16024.000,1525879.382,469.103,147.472,144.646,141.056,0.985,0.975,0.915,814.000,3766.000,0.464,2.000,77
83,15836.000,1499104.956,466.274,152.971,150.516,134.034,0.985,0.890,0.915,822.000,3322.000,0.552,0.000,78
84,15984.000,1520169.471,466.274,147.648,144.472,140.877,0.986,0.975,0.924,840.000,3038.000,0.486,0.000,79
85,16352.000,1572968.834,473.103,148.930,146.017,142.606,0.985,0.976,0.918,842.000,3560.000,0.490,2.000,80
86,15736.000,1484927.741,462.274,145.231,142.331,140.768,0.987,0.989,0.925,846.000,1578.000,0.484,2.000,81
87,15900.000,1508201.911,465.103,146.492,143.318,141.292,0.986,0.986,0.924,852.000,650.000,0.517,2.000,83
88,14560.000,1321617.750,446.960,140.014,137.545,134.785,0.984,0.980,0.916,850.000,382.000,0.475,2.828,82
89,15776.000,1490593.238,464.416,150.360,148.778,135.232,0.986,0.907,0.919,872.000,2230.000,0.252,62.290,75
90,15600.000,1465718.933,461.103,144.554,141.406,140.466,0.985,0.993,0.922,888.000,986.000,0.476,0.000,85
91,15848.000,1500809.237,466.274,147.078,144.757,139.414,0.984,0.963,0.916,908.000,2498.000,0.503,0.000,86
92,16372.000,1575855.545,471.931,148.189,145.549,143.225,0.986,0.984,0.924,918.000,1198.000,0.473,2.828,87
93,15352.000,1430906.455,459.931,146.820,144.002,135.773,0.983,0.943,0.912,922.000,144.000,0.506,2.000,88
95,15784.000,1491727.200,465.103,146.014,143.101,140.448,0.985,0.981,0.917,936.000,2706.000,0.460,2.000,90
96,16228.000,1555110.662,471.931,148.297,145.506,142.016,0.985,0.976,0.916,962.000,1830.000,0.498,0.000,91
97,15940.000,1513896.817,466.274,146.492,143.665,141.274,0.985,0.983,0.921,966.000,1404.000,0.491,0.000,92
98,11688.000,950548.114,397.505,126.317,123.428,120.584,0.985,0.977,0.930,966.000,3192.000,0.462,0.000,93
99,16072.000,1532740.686,470.274,147.851,144.255,141.865,0.984,0.983,0.913,990.000,806.000,0.502,2.000,94
100,15144.000,1401924.746,455.446,143.736,141.064,136.693,0.984,0.969,0.917,1010.000,2922.000,0.476,2.000,95
101,14976.000,1378661.181,452.617,141.873,139.172,137.031,0.984,0.984,0.919,1010.000,3692.000,0.489,2.000,96
102,12212.000,1015182.199,409.304,131.590,128.893,120.694,0.982,0.936,0.916,1018.000,560.000,0.547,2.000,98
103,15048.000,1388615.390,453.103,142.394,139.515,137.336,0.985,0.984,0.921,1018.000,2076.000,0.470,2.000,97
105,14356.000,1293939.512,442.960,140.014,136.625,133.803,0.984,0.979,0.919,1050.000,1592.000,0.493,0.000,100
106,15800.000,1493995.986,465.103,146.014,143.279,140.407,0.985,0.980,0.918,1064.000,3444.000,0.456,0.000,101
107,16104.000,1537320.587,470.274,146.860,143.643,142.759,0.984,0.994,0.915,1064.000,2310.000,0.489,0.000,103
108,16172.000,1547067.986,467.446,147.146,144.186,142.813,0.989,0.990,0.930,1066.000,368.000,0.452,0.000,102
110,15952.000,1515606.683,466.759,146.492,143.668,141.377,0.986,0.984,0.920,1106.000,3878.000,0.490,2.000,105
111,16904.000,1653286.145,481.588,151.420,148.259,145.176,0.984,0.979,0.916,1108.000,1088.000,0.473,2.000,104
112,15116.000,1398038.480,453.789,142.801,140.089,137.406,0.986,0.981,0.922,1120.000,2520.000,0.472,0.000,106
113,16020.000,1525308.070,467.931,147.580,144.120,141.540,0.986,0.982,0.919,1132.000,148.000,0.468,2.000,108
114,16228.000,1555110.662,469.789,148.607,144.550,142.953,0.986,0.989,0.924,1146.000,2728.000,0.525,2.828,109
115,14032.000,1250383.299,458.676,154.777,145.304,124.981,0.975,0.846,0.838,1164.000,3122.000,0.126,49.396,113
116,15764.000,1488892.834,465.103,145.231,142.584,140.779,0.984,0.987,0.916,1164.000,684.000,0.467,0.000,110
117,15552.000,1458959.283,487.304,152.801,153.348,130.290,0.972,0.842,0.823,1160.000,1318.000,0.244,64.498,111
118,14340.000,1291776.939,444.132,140.769,138.362,131.998,0.983,0.954,0.914,1174.000,894.000,0.504,0.000,114
119,16380.000,1577010.723,473.103,148.499,145.264,143.576,0.985,0.988,0.920,1180.000,1876.000,0.497,2.000,115
120,16088.000,1535030.067,475.931,161.555,157.561,130.190,0.983,0.825,0.893,1182.000,3248.000,0.144,111.571,113
121,14856.000,1362123.973,461.789,149.452,149.798,127.283,0.978,0.843,0.875,1204.000,3612.000,0.269,61.351,116
122,15516.000,1453896.385,465.789,160.100,159.218,124.587,0.986,0.779,0.899,1208.000,3006.000,0.139,134.015,113
123,6404.000,385514.560,297.421,95.708,93.885,87.242,0.977,0.925,0.910,1202.000,2226.000,0.571,4.000,117
124,15716.000,1482097.690,469.103,154.052,151.949,132.263,0.984,0.867,0.897,1246.000,3724.000,0.284,58.310,116
125,16024.000,1525879.382,466.759,146.697,143.607,142.079,0.986,0.989,0.924,1252.000,2078.000,0.462,2.000,118
126,16588.000,1607144.181,475.931,149.466,146.550,144.129,0.986,0.983,0.920,1256.000,1570.000,0.480,2.000,119
127,15620.000,1468538.527,461.789,144.997,141.757,140.310,0.985,0.990,0.920,1258.000,474.000,0.463,0.000,120
128,15300.000,1423642.506,456.132,144.900,142.360,136.860,0.987,0.961,0.924,1262.000,2368.000,0.503,0.000,121
130,16416.000,1582212.515,477.103,152.971,151.689,138.072,0.982,0.908,0.906,1288.000,1334.000,0.257,64.498,111
131,15104.000,1396374.038,486.073,167.141,154.020,125.504,0.962,0.811,0.803,1286.000,3172.000,0.135,82.462,113
132,15704.000,1480400.524,467.245,150.625,146.726,136.663,0.984,0.929,0.904,1304.000,248.000,0.602,0.000,124
133,15572.000,1461774.538,462.274,146.014,143.441,138.240,0.984,0.964,0.916,1308.000,3436.000,0.467,0.000,123
135,16724.000,1626949.372,477.103,149.466,146.065,145.789,0.987,0.998,0.923,1324.000,1118.000,0.490,0.000,126
136,11316.000,905530.762,393.505,123.822,120.566,119.555,0.983,0.991,0.918,1328.000,1748.000,0.529,2.000,128
137,16160.000,1545346.365,468.617,148.499,145.020,141.898,0.987,0.978,0.925,1336.000,2558.000,0.482,2.000,127
138,16092.000,1535602.591,475.446,154.557,154.721,133.199,0.985,0.856,0.895,1350.000,2770.000,0.243,68.352,129
139,9392.000,684700.943,357.220,113.877,110.323,108.494,0.983,0.983,0.925,1370.000,1914.000,0.429,0.000,132
140,17504.000,1742086.668,488.902,155.332,152.178,146.460,0.986,0.962,0.920,1380.000,698.000,0.509,0.000,130
141,16512.000,1596111.844,474.759,149.050,145.924,144.076,0.986,0.987,0.921,1386.000,912.000,0.480,0.000,131
142,6448.000,389494.513,296.250,98.793,96.645,84.979,0.980,0.879,0.923,1382.000,94.000,0.632,0.000,134
143,15968.000,1517887.506,474.274,151.921,151.900,134.703,0.983,0.881,0.892,1396.000,2894.000,0.241,63.906,129
144,15724.000,1483229.495,462.274,146.164,143.066,139.941,0.986,0.978,0.925,1414.000,2230.000,0.481,0.000,133
145,15676.000,1476442.991,463.931,144.734,141.655,140.906,0.984,0.995,0.915,1426.000,3810.000,0.490,0.000,135
146,11964.000,984415.417,402.676,127.059,123.830,123.032,0.986,0.993,0.927,1432.000,3592.000,0.495,2.000,136
147,14992.000,1380871.164,457.304,148.661,147.927,129.734,0.983,0.872,0.901,1460.000,428.000,0.262,60.166,137
148,15644.000,1471924.422,462.960,147.201,143.394,138.965,0.985,0.969,0.917,1466.000,1576.000,0.509,2.000,139
149,15436.000,1442666.526,458.960,144.941,141.414,138.990,0.985,0.983,0.921,1486.000,3310.000,0.462,0.000,140
150,14972.000,1378108.870,461.304,150.479,149.805,127.785,0.979,0.849,0.884,1492.000,312.000,0.261,60.166,137
151,18432.000,1882445.853,540.701,188.298,182.729,132.853,0.953,0.703,0.792,1478.000,3094.000,0.531,2.828,138
152,16448.000,1586841.121,473.103,149.693,146.534,142.935,0.987,0.975,0.923,1500.000,1358.000,0.506,0.000,141
153,16260.000,1559712.713,470.274,148.432,145.008,142.776,0.986,0.985,0.924,1504.000,2422.000,0.476,0.000,142
154,15776.000,1490593.238,463.446,145.890,143.064,140.404,0.987,0.981,0.923,1530.000,2650.000,0.477,2.000,143
155,15548.000,1458396.449,462.759,147.851,144.466,137.047,0.984,0.949,0.912,1532.000,1124.000,0.525,0.000,145
156,16288.000,1563743.226,471.931,147.959,144.296,143.726,0.986,0.996,0.919,1534.000,1780.000,0.493,0.000,144
157,16520.000,1597271.949,475.931,148.862,145.945,144.129,0.985,0.988,0.916,1554.000,2074.000,0.473,2.828,146
159,15760.000,1488326.176,466.274,146.328,143.176,140.173,0.984,0.979,0.911,1582.000,756.000,0.495,2.000,148
161,15488.000,1449962.633,465.588,152.053,152.135,130.649,0.986,0.852,0.898,1612.000,2850.000,0.239,64.031,152
162,15816.000,1496265.922,463.446,146.711,142.945,140.883,0.987,0.986,0.925,1608.000,3482.000,0.467,2.000,150
163,16248.000,1557986.413,471.931,148.930,145.805,141.895,0.985,0.973,0.917,1608.000,3702.000,0.487,2.000,151
164,15700.000,1479834.946,462.274,146.014,142.534,140.246,0.985,0.984,0.923,1644.000,522.000,0.471,2.000,153
165,16052.000,1529880.563,469.103,147.851,144.672,141.276,0.985,0.976,0.917,1648.000,954.000,0.487,2.000,154
166,15672.000,1475877.917,463.931,144.471,141.436,141.099,0.983,0.998,0.915,1670.000,1564.000,0.494,2.000,156
167,14660.000,1335256.669,448.617,140.014,137.133,136.128,0.983,0.993,0.915,1670.000,3184.000,0.477,2.828,155
168,16256.000,1559137.209,470.274,148.432,145.047,142.697,0.987,0.984,0.924,1682.000,2308.000,0.493,0.000,157
169,11504.000,928190.480,394.676,125.539,122.447,119.627,0.984,0.977,0.928,1684.000,2506.000,0.486,0.000,159
170,16128.000,1540758.500,470.274,147.648,144.822,141.800,0.985,0.979,0.916,1696.000,1916.000,0.488,0.000,158
171,16856.000,1646249.227,525.186,188.860,176.766,127.262,0.950,0.687,0.768,1686.000,2952.000,0.260,62.129,152
172,15972.000,1518457.890,466.274,146.711,143.614,141.612,0.987,0.986,0.923,1702.000,314.000,0.487,0.000,160
173,14396.000,1299351.216,442.960,138.924,136.507,134.284,0.985,0.984,0.922,1702.000,1246.000,0.473,2.000,161
174,15584.000,1463464.559,459.446,146.860,143.451,138.349,0.988,0.964,0.928,1760.000,2114.000,0.513,0.000,162
175,13528.000,1183625.171,430.960,139.714,136.651,126.053,0.984,0.922,0.915,1768.000,3354.000,0.507,0.000,163
176,15388.000,1435942.556,463.931,151.539,150.341,130.765,0.982,0.867,0.898,1784.000,3862.000,0.252,64.498,164
177,16508.000,1595531.896,474.274,148.499,145.378,144.586,0.987,0.995,0.922,1796.000,752.000,0.481,0.000,165
178,16384.000,1577588.418,474.759,148.432,145.533,143.354,0.985,0.985,0.913,1804.000,1730.000,0.470,0.000,166
179,15956.000,1516176.782,466.274,146.697,143.893,141.189,0.986,0.981,0.922,1810.000,3548.000,0.478,0.000,167
180,16200.000,1551087.586,471.931,148.647,145.441,141.835,0.985,0.975,0.914,1822.000,1418.000,0.487,2.000,168
181,15652.000,1473053.632,463.446,146.014,142.850,139.528,0.984,0.977,0.916,1834.000,154.000,0.490,2.000,170
183,15440.000,1443227.330,459.446,150.053,146.148,134.558,0.986,0.920,0.919,1846.000,462.000,0.524,2.000,171
184,16192.000,1549938.774,491.316,160.225,159.373,130.192,0.975,0.812,0.843,1844.000,3754.000,0.265,59.059,164
185,17532.000,1746268.392,489.789,158.152,157.157,142.567,0.988,0.904,0.918,1850.000,2644.000,0.270,60.828,172
186,11528.000,931096.624,396.333,126.143,122.821,119.555,0.982,0.973,0.922,1850.000,944.000,0.468,2.000,174
187,16508.000,1595531.896,474.274,148.499,145.403,144.557,0.986,0.994,0.922,1858.000,3090.000,0.485,0.000,173
188,13260.000,1148627.174,425.304,136.308,133.105,126.896,0.985,0.953,0.921,1860.000,2408.000,0.477,2.000,175
189,15536.000,1456708.382,464.818,149.907,149.685,132.880,0.983,0.883,0.904,1870.000,2774.000,0.240,70.711,172
191,16316.000,1567777.203,471.931,148.189,145.318,142.969,0.986,0.984,0.921,1914.000,1918.000,0.458,0.000,177
192,16412.000,1581634.256,473.103,147.959,145.436,143.682,0.986,0.988,0.921,1918.000,1226.000,0.488,2.000,178
193,16400.000,1579899.903,474.759,149.586,146.365,142.678,0.985,0.975,0.914,1954.000,3284.000,0.498,0.000,179
194,16788.000,1636297.403,478.073,156.000,152.607,140.140,0.987,0.918,0.923,1960.000,2176.000,0.178,72.028,180
195,15404.000,1438182.716,456.617,143.736,140.696,139.405,0.987,0.991,0.928,1978.000,306.000,0.478,0.000,181
196,15920.000,1511048.470,465.103,147.146,143.736,141.038,0.987,0.981,0.925,1986.000,660.000,0.492,0.000,182
197,15820.000,1496833.585,465.588,145.602,142.836,141.025,0.984,0.987,0.917,2016.000,1708.000,0.489,2.000,184
198,15548.000,1458396.449,463.931,144.180,140.906,140.513,0.981,0.997,0.908,2016.000,3544.000,0.502,2.000,185
199,15952.000,1515606.683,467.446,146.697,143.021,142.037,0.985,0.993,0.917,2020.000,1494.000,0.460,0.000,183
200,8328.000,571708.797,353.220,131.240,131.257,81.385,0.977,0.615,0.839,2010.000,2882.000,0.567,6.325,189
201,15036.000,1386954.698,453.789,141.873,139.123,137.640,0.985,0.989,0.918,2024.000,2524.000,0.458,8.246,186
202,9464.000,692589.491,359.362,114.612,111.278,108.305,0.981,0.973,0.921,2024.000,480.000,0.493,2.828,187
203,17020.000,1670333.279,481.588,152.971,150.059,144.419,0.987,0.962,0.922,2044.000,1058.000,0.527,0.000,188
204,15220.000,1412491.291,454.960,146.123,143.260,135.272,0.986,0.944,0.924,2050.000,854.000,0.504,0.000,190
205,15768.000,1489459.563,464.416,145.382,142.163,141.232,0.985,0.993,0.919,2054.000,3750.000,0.490,0.000,191
207,15876.000,1504788.403,472.215,155.602,156.024,130.792,0.985,0.830,0.895,2066.000,2090.000,0.168,94.340,180
208,16844.000,1644491.562,481.588,151.420,147.968,144.963,0.984,0.980,0.913,2068.000,3108.000,0.524,0.000,193
209,15388.000,1435942.556,467.044,155.756,154.400,128.606,0.981,0.822,0.886,2070.000,2262.000,0.163,92.195,180
211,16480.000,1591474.232,475.931,148.661,145.964,143.761,0.984,0.985,0.914,2128.000,1886.000,0.503,0.000,196
212,15372.000,1433703.561,457.103,146.328,143.155,136.751,0.986,0.955,0.925,2174.000,3282.000,0.520,0.000,197
213,15192.000,1408595.277,461.990,151.539,151.627,128.586,0.983,0.841,0.894,2176.000,2860.000,0.269,62.514,199
214,15744.000,1486060.265,462.274,146.014,142.697,140.486,0.987,0.984,0.926,2178.000,582.000,0.479,2.000,198
216,15856.000,1501945.783,465.103,145.836,142.797,141.392,0.986,0.990,0.921,2200.000,2640.000,0.465,0.000,201
217,15420.000,1440424.040,459.931,144.471,141.351,138.903,0.984,0.983,0.916,2212.000,3610.000,0.485,0.000,202
218,15300.000,1423642.506,456.617,143.178,139.877,139.281,0.985,0.996,0.922,2222.000,1544.000,0.483,0.000,203
220,16372.000,1575855.545,471.931,147.851,145.310,143.460,0.986,0.987,0.924,2238.000,1258.000,0.501,0.000,204
221,15780.000,1491160.183,463.931,147.092,143.846,139.694,0.986,0.971,0.921,2242.000,782.000,0.491,2.000,205
222,15856.000,1501945.783,464.617,145.231,142.330,141.855,0.985,0.997,0.923,2242.000,992.000,0.481,0.000,206
223,15392.000,1436502.487,458.274,145.121,142.181,137.845,0.985,0.969,0.921,2248.000,3826.000,0.506,0.000,207
224,15668.000,1475312.916,462.960,145.890,142.481,140.039,0.985,0.983,0.919,2270.000,2036.000,0.514,0.000,208
225,15760.000,1488326.176,464.617,147.092,143.938,139.435,0.985,0.969,0.917,2284.000,3056.000,0.486,2.000,209
226,16120.000,1539612.245,469.103,148.607,145.559,141.011,0.986,0.969,0.921,2286.000,2246.000,0.459,0.000,210
227,16020.000,1525308.070,466.274,146.820,143.651,141.996,0.987,0.988,0.926,2296.000,1756.000,0.486,0.000,211
228,15276.000,1420294.073,460.132,148.297,146.782,132.655,0.983,0.903,0.907,2300.000,2842.000,0.270,62.801,199
229,15660.000,1474183.130,468.617,150.479,150.357,133.509,0.985,0.882,0.896,2310.000,416.000,0.244,67.676,212
230,15852.000,1501377.474,468.617,150.864,149.864,135.182,0.982,0.899,0.907,2320.000,3426.000,0.263,58.856,213
231,15312.000,1425317.708,462.759,147.363,146.146,133.846,0.982,0.913,0.899,2336.000,2470.000,0.247,65.299,214
232,10312.000,787731.399,373.019,119.616,116.526,112.697,0.984,0.967,0.931,2370.000,3220.000,0.500,0.000,216
233,15728.000,1483795.505,463.446,145.602,142.461,140.585,0.985,0.987,0.920,2382.000,1412.000,0.485,0.000,215
234,15776.000,1490593.238,462.274,146.164,143.017,140.460,0.987,0.982,0.928,2406.000,214.000,0.474,0.000,218
235,15932.000,1512757.263,470.558,149.466,148.119,137.302,0.983,0.925,0.904,2408.000,3678.000,0.262,67.201,219
237,16244.000,1557411.121,471.931,147.959,145.156,142.494,0.984,0.982,0.917,2424.000,672.000,0.499,0.000,221
238,15064.000,1390830.676,456.617,147.851,147.105,130.777,0.984,0.886,0.908,2442.000,458.000,0.235,70.880,212
239,17060.000,1676225.104,482.759,152.643,149.114,145.680,0.986,0.977,0.920,2446.000,1196.000,0.478,2.828,222
240,14844.000,1360473.913,456.333,145.602,145.050,130.938,0.981,0.898,0.896,2444.000,3406.000,0.247,66.753,213
241,15760.000,1488326.176,470.759,150.053,149.934,134.468,0.983,0.893,0.894,2450.000,2414.000,0.254,61.741,214
242,15592.000,1464591.602,460.617,146.014,143.352,138.487,0.987,0.966,0.923,2452.000,986.000,0.497,0.000,223
243,16112.000,1538466.274,469.103,149.586,146.552,139.983,0.986,0.955,0.920,2470.000,1986.000,0.501,0.000,225
244,15460.000,1446032.436,459.446,144.069,140.926,139.681,0.985,0.991,0.920,2472.000,2954.000,0.476,2.000,226
245,28352.000,3591198.000,623.127,194.340,191.370,188.648,0.989,0.986,0.918,2494.000,2668.000,0.495,2.000,224
246,14940.000,1373693.036,462.475,148.661,150.169,128.264,0.984,0.844,0.878,2502.000,1668.000,0.247,64.031,227
247,15596.000,1465155.231,462.274,144.997,142.371,139.483,0.985,0.980,0.917,2506.000,2210.000,0.477,2.000,228
248,16028.000,1526450.765,469.588,150.586,148.803,137.369,0.985,0.922,0.913,2516.000,3600.000,0.263,66.030,219
249,15936.000,1513327.004,467.931,147.851,145.767,139.293,0.984,0.955,0.915,2538.000,1792.000,0.263,65.146,227
251,15680.000,1477008.137,466.759,148.809,146.684,136.303,0.983,0.928,0.904,2556.000,3182.000,0.250,67.082,230
252,15752.000,1487193.077,462.274,145.602,142.713,140.548,0.987,0.985,0.926,2574.000,3828.000,0.472,0.000,231
253,15692.000,1478704.006,463.446,147.851,144.666,138.120,0.984,0.955,0.918,2580.000,1354.000,0.518,2.828,232
255,16172.000,1547067.986,470.274,147.526,144.203,142.797,0.984,0.990,0.919,2610.000,772.000,0.475,2.000,233
256,15924.000,1511617.996,467.931,145.890,143.096,141.700,0.984,0.990,0.914,2652.000,1156.000,0.510,0.000,235
257,16736.000,1628700.768,477.103,149.907,146.882,145.082,0.987,0.988,0.924,2662.000,482.000,0.453,2.000,236
258,14848.000,1361023.859,448.617,141.322,138.165,136.836,0.987,0.990,0.927,2660.000,2450.000,0.471,0.000,237
259,16756.000,1631621.156,477.103,150.479,147.099,145.043,0.987,0.986,0.925,2670.000,2070.000,0.480,0.000,238
260,15840.000,1499672.978,471.245,153.114,152.935,132.861,0.985,0.862,0.896,2674.000,3120.000,0.252,66.242,230
261,15812.000,1495698.330,466.274,145.121,142.207,141.580,0.984,0.996,0.914,2674.000,3364.000,0.456,2.000,239
262,15876.000,1504788.403,466.274,146.014,142.832,141.543,0.985,0.991,0.918,2682.000,264.000,0.497,2.000,241
263,27428.000,3417078.937,613.955,191.802,188.141,185.639,0.988,0.987,0.914,2702.000,2858.000,0.492,0.000,240
265,16120.000,1539612.245,469.103,146.492,143.525,143.011,0.986,0.996,0.921,2716.000,3660.000,0.450,7.211,242
266,15680.000,1477008.137,461.103,147.513,144.467,138.200,0.987,0.957,0.927,2722.000,948.000,0.518,2.000,243
267,15800.000,1493995.986,463.446,145.890,142.866,140.822,0.987,0.986,0.924,2746.000,1774.000,0.472,0.000,245
269,15796.000,1493428.682,463.446,147.648,144.351,139.333,0.986,0.965,0.924,2760.000,2262.000,0.480,2.828,246
270,16124.000,1540185.337,469.103,147.851,145.453,141.151,0.986,0.970,0.921,2782.000,2628.000,0.455,0.000,248
273,16296.000,1564895.437,471.446,152.552,149.510,138.796,0.986,0.928,0.921,2878.000,484.000,0.548,2.828,250
274,15140.000,1401369.345,453.304,145.890,142.300,135.499,0.986,0.952,0.926,2886.000,3000.000,0.506,2.000,252
275,15744.000,1486060.265,465.103,145.890,142.920,140.268,0.984,0.981,0.915,2890.000,3206.000,0.482,0.000,253
